"","business_name","business_address","business_latitude","business_longitude","inspection_score","inspection_categ"
"1","New Chef Hung's Restaurant","823 Clay St",37.794193,-122.406677,66,"Low Score"
"2","PETER D'S RESTAURANT","2201 Van Ness St",37.795993,-122.423585,65,"Low Score"
"3","New Chef Hung's Restaurant","823 Clay St",37.794193,-122.406677,66,"Low Score"
"4","CHINA EXPRESS","2798 MISSION St",37.752408,-122.418535,70,"Low Score"
"5","SUBWAY","2001 VAN NESS Ave",37.794134,-122.423234,68,"Low Score"
"6","CHEUNG HING CHINESE DELI & MEAT INC","323 Clement St",37.782993,-122.462709,67,"Low Score"
"7","SUBWAY","2001 VAN NESS Ave",37.794134,-122.423234,68,"Low Score"
"8","CHEUNG HING CHINESE DELI & MEAT INC","323 Clement St",37.782993,-122.462709,67,"Low Score"
"9","SUBWAY","2001 VAN NESS Ave",37.794134,-122.423234,68,"Low Score"
"10","SUBWAY","2001 VAN NESS Ave",37.794134,-122.423234,68,"Low Score"
"11","CHEUNG HING CHINESE DELI & MEAT INC","323 Clement St",37.782993,-122.462709,67,"Low Score"
"12","SUBWAY","2001 VAN NESS Ave",37.794134,-122.423234,68,"Low Score"
"13","PETER D'S RESTAURANT","2201 Van Ness St",37.795993,-122.423585,65,"Low Score"
"14","SUBWAY","2001 VAN NESS Ave",37.794134,-122.423234,68,"Low Score"
"15","CHINA EXPRESS","2798 MISSION St",37.752408,-122.418535,70,"Low Score"
"16","SUBWAY","2001 VAN NESS Ave",37.794134,-122.423234,68,"Low Score"
"17","New Chef Hung's Restaurant","823 Clay St",37.794193,-122.406677,66,"Low Score"
"18","New Chef Hung's Restaurant","823 Clay St",37.794193,-122.406677,66,"Low Score"
"19","CHEUNG HING CHINESE DELI & MEAT INC","323 Clement St",37.782993,-122.462709,67,"Low Score"
"20","CHEUNG HING CHINESE DELI & MEAT INC","323 Clement St",37.782993,-122.462709,67,"Low Score"
"21","New Chef Hung's Restaurant","823 Clay St",37.794193,-122.406677,66,"Low Score"
"22","CHEUNG HING CHINESE DELI & MEAT INC","323 Clement St",37.782993,-122.462709,67,"Low Score"
"23","New Chef Hung's Restaurant","823 Clay St",37.794193,-122.406677,66,"Low Score"
"24","CHINA EXPRESS","2798 MISSION St",37.752408,-122.418535,70,"Low Score"
"25","New Chef Hung's Restaurant","823 Clay St",37.794193,-122.406677,66,"Low Score"
"26","CHINA EXPRESS","2798 MISSION St",37.752408,-122.418535,70,"Low Score"
"27","PETER D'S RESTAURANT","2201 Van Ness St",37.795993,-122.423585,65,"Low Score"
"28","New Chef Hung's Restaurant","823 Clay St",37.794193,-122.406677,66,"Low Score"
"29","PETER D'S RESTAURANT","2201 Van Ness St",37.795993,-122.423585,65,"Low Score"
"30","CHEUNG HING CHINESE DELI & MEAT INC","323 Clement St",37.782993,-122.462709,67,"Low Score"
"31","New Chef Hung's Restaurant","823 Clay St",37.794193,-122.406677,66,"Low Score"
"32","PETER D'S RESTAURANT","2201 Van Ness St",37.795993,-122.423585,65,"Low Score"
"33","New Chef Hung's Restaurant","823 Clay St",37.794193,-122.406677,66,"Low Score"
"34","PETER D'S RESTAURANT","2201 Van Ness St",37.795993,-122.423585,65,"Low Score"
"35","PETER D'S RESTAURANT","2201 Van Ness St",37.795993,-122.423585,65,"Low Score"
"36","PETER D'S RESTAURANT","2201 Van Ness St",37.795993,-122.423585,65,"Low Score"
"37","CHINA EXPRESS","2798 MISSION St",37.752408,-122.418535,70,"Low Score"
"38","CHINA EXPRESS","2798 MISSION St",37.752408,-122.418535,70,"Low Score"
"39","IRMA'S PAMPANGA RESTAURANT","2901 16th St",37.765123,-122.417919,63,"Low Score"
"40","IRMA'S PAMPANGA RESTAURANT","2901 16th St",37.765123,-122.417919,63,"Low Score"
"41","Mangrove Kitchen","312 DIVISADERO St",37.772458,-122.437247,65,"Low Score"
"42","Mangrove Kitchen","312 DIVISADERO St",37.772458,-122.437247,65,"Low Score"
"43","IRMA'S PAMPANGA RESTAURANT","2901 16th St",37.765123,-122.417919,63,"Low Score"
"44","Mangrove Kitchen","312 DIVISADERO St",37.772458,-122.437247,65,"Low Score"
"45","SWEET DELIGHT BAKERY","4476A MISSION",37.726117,-122.433817,70,"Low Score"
"46","SWEET DELIGHT BAKERY","4476A MISSION",37.726117,-122.433817,70,"Low Score"
"47","Mangrove Kitchen","312 DIVISADERO St",37.772458,-122.437247,65,"Low Score"
"48","IRMA'S PAMPANGA RESTAURANT","2901 16th St",37.765123,-122.417919,63,"Low Score"
"49","IRMA'S PAMPANGA RESTAURANT","2901 16th St",37.765123,-122.417919,63,"Low Score"
"50","Mangrove Kitchen","312 DIVISADERO St",37.772458,-122.437247,65,"Low Score"
"51","SWEET DELIGHT BAKERY","4476A MISSION",37.726117,-122.433817,70,"Low Score"
"52","La Loma Produce Nos. 3 & 9 Inc","5652 MISSION St",37.710685,-122.447907,67,"Low Score"
"53","SWEET DELIGHT BAKERY","4476A MISSION",37.726117,-122.433817,70,"Low Score"
"54","SWEET DELIGHT BAKERY","4476A MISSION",37.726117,-122.433817,70,"Low Score"
"55","IRMA'S PAMPANGA RESTAURANT","2901 16th St",37.765123,-122.417919,63,"Low Score"
"56","La Loma Produce Nos. 3 & 9 Inc","5652 MISSION St",37.710685,-122.447907,67,"Low Score"
"57","La Loma Produce Nos. 3 & 9 Inc","5652 MISSION St",37.710685,-122.447907,67,"Low Score"
"58","SWEET DELIGHT BAKERY","4476A MISSION",37.726117,-122.433817,70,"Low Score"
"59","SWEET DELIGHT BAKERY","4476A MISSION",37.726117,-122.433817,70,"Low Score"
"60","IRMA'S PAMPANGA RESTAURANT","2901 16th St",37.765123,-122.417919,63,"Low Score"
"61","Baan","534 IRVING St",37.764188,-122.463683,70,"Low Score"
"62","Baan","534 IRVING St",37.764188,-122.463683,70,"Low Score"
"63","IRMA'S PAMPANGA RESTAURANT","2901 16th St",37.765123,-122.417919,63,"Low Score"
"64","Mangrove Kitchen","312 DIVISADERO St",37.772458,-122.437247,65,"Low Score"
"65","La Loma Produce Nos. 3 & 9 Inc","5652 MISSION St",37.710685,-122.447907,67,"Low Score"
"66","Mangrove Kitchen","312 DIVISADERO St",37.772458,-122.437247,65,"Low Score"
"67","La Loma Produce Nos. 3 & 9 Inc","5652 MISSION St",37.710685,-122.447907,67,"Low Score"
"68","La Loma Produce Nos. 3 & 9 Inc","5652 MISSION St",37.710685,-122.447907,67,"Low Score"
"69","Mangrove Kitchen","312 DIVISADERO St",37.772458,-122.437247,65,"Low Score"
"70","Baan","534 IRVING St",37.764188,-122.463683,70,"Low Score"
"71","Baan","534 IRVING St",37.764188,-122.463683,70,"Low Score"
"72","Angel's Market","1649 Castro St",37.748214,-122.433746,70,"Low Score"
"73","IMPERIAL GARDEN SEAFOOD RESTAURANT","2626 SAN BRUNO Ave",37.728458,-122.403991,66,"Low Score"
"74","IMPERIAL GARDEN SEAFOOD RESTAURANT","2626 SAN BRUNO Ave",37.728458,-122.403991,66,"Low Score"
"75","Baan","534 IRVING St",37.764188,-122.463683,70,"Low Score"
"76","TAQUERIA GUADALAJARA","4798 MISSION",37.721191,-122.43755,67,"Low Score"
"77","IMPERIAL GARDEN SEAFOOD RESTAURANT","2626 SAN BRUNO Ave",37.728458,-122.403991,66,"Low Score"
"78","Baan","534 IRVING St",37.764188,-122.463683,70,"Low Score"
"79","TAQUERIA GUADALAJARA","4798 MISSION",37.721191,-122.43755,67,"Low Score"
"80","TAQUERIA GUADALAJARA","4798 MISSION",37.721191,-122.43755,67,"Low Score"
"81","Angel's Market","1649 Castro St",37.748214,-122.433746,70,"Low Score"
"82","Golden River Restaurant","5827 GEARY Blvd",37.780144,-122.48204,52,"Low Score"
"83","Baan","534 IRVING St",37.764188,-122.463683,70,"Low Score"
"84","Golden River Restaurant","5827 GEARY Blvd",37.780144,-122.48204,52,"Low Score"
"85","Golden River Restaurant","5827 GEARY Blvd",37.780144,-122.48204,52,"Low Score"
"86","Angel's Market","1649 Castro St",37.748214,-122.433746,70,"Low Score"
"87","Golden River Restaurant","5827 GEARY Blvd",37.780144,-122.48204,52,"Low Score"
"88","Golden River Restaurant","5827 GEARY Blvd",37.780144,-122.48204,52,"Low Score"
"89","Angel's Market","1649 Castro St",37.748214,-122.433746,70,"Low Score"
"90","Golden River Restaurant","5827 GEARY Blvd",37.780144,-122.48204,52,"Low Score"
"91","IMPERIAL GARDEN SEAFOOD RESTAURANT","2626 SAN BRUNO Ave",37.728458,-122.403991,66,"Low Score"
"92","Golden River Restaurant","5827 GEARY Blvd",37.780144,-122.48204,52,"Low Score"
"93","IMPERIAL GARDEN SEAFOOD RESTAURANT","2626 SAN BRUNO Ave",37.728458,-122.403991,66,"Low Score"
"94","Angel's Market","1649 Castro St",37.748214,-122.433746,70,"Low Score"
"95","Golden River Restaurant","5827 GEARY Blvd",37.780144,-122.48204,52,"Low Score"
"96","Golden River Restaurant","5827 GEARY Blvd",37.780144,-122.48204,52,"Low Score"
"97","IMPERIAL GARDEN SEAFOOD RESTAURANT","2626 SAN BRUNO Ave",37.728458,-122.403991,66,"Low Score"
"98","Golden River Restaurant","5827 GEARY Blvd",37.780144,-122.48204,52,"Low Score"
"99","Catering With Style","2800 BRYANT St",37.749603,-122.408928,67,"Low Score"
"100","Angel's Market","1649 Castro St",37.748214,-122.433746,70,"Low Score"
"101","TAQUERIA GUADALAJARA","4798 MISSION",37.721191,-122.43755,67,"Low Score"
"102","Golden River Restaurant","5827 GEARY Blvd",37.780144,-122.48204,52,"Low Score"
"103","NAPOLI PIZZA RESTAURANT","1045 POLK St",37.786545,-122.419894,68,"Low Score"
"104","NAPOLI PIZZA RESTAURANT","1045 POLK St",37.786545,-122.419894,68,"Low Score"
"105","NAPOLI PIZZA RESTAURANT","1045 POLK St",37.786545,-122.419894,68,"Low Score"
"106","TAQUERIA GUADALAJARA","4798 MISSION",37.721191,-122.43755,67,"Low Score"
"107","NAPOLI PIZZA RESTAURANT","1045 POLK St",37.786545,-122.419894,68,"Low Score"
"108","Catering With Style","2800 BRYANT St",37.749603,-122.408928,67,"Low Score"
"109","NAPOLI PIZZA RESTAURANT","1045 POLK St",37.786545,-122.419894,68,"Low Score"
"110","TAQUERIA GUADALAJARA","4798 MISSION",37.721191,-122.43755,67,"Low Score"
"111","TAQUERIA GUADALAJARA","4798 MISSION",37.721191,-122.43755,67,"Low Score"
"112","IMPERIAL GARDEN SEAFOOD RESTAURANT","2626 SAN BRUNO Ave",37.728458,-122.403991,66,"Low Score"
"113","NAPOLI PIZZA RESTAURANT","1045 POLK St",37.786545,-122.419894,68,"Low Score"
"114","IMPERIAL GARDEN SEAFOOD RESTAURANT","2626 SAN BRUNO Ave",37.728458,-122.403991,66,"Low Score"
"115","NAPOLI PIZZA RESTAURANT","1045 POLK St",37.786545,-122.419894,68,"Low Score"
"116","Catering With Style","2800 BRYANT St",37.749603,-122.408928,67,"Low Score"
"117","NAPOLI PIZZA RESTAURANT","1045 POLK St",37.786545,-122.419894,68,"Low Score"
"118","SWEET DELIGHT BAKERY","4476A MISSION",37.726117,-122.433817,67,"Low Score"
"119","IMPERIAL GARDEN SEAFOOD RESTAURANT","2626 SAN BRUNO Ave",37.728458,-122.403991,66,"Low Score"
"120","SWEET DELIGHT BAKERY","4476A MISSION",37.726117,-122.433817,67,"Low Score"
"121","SWEET DELIGHT BAKERY","4476A MISSION",37.726117,-122.433817,67,"Low Score"
"122","SWEET DELIGHT BAKERY","4476A MISSION",37.726117,-122.433817,67,"Low Score"
"123","SWEET DELIGHT BAKERY","4476A MISSION",37.726117,-122.433817,67,"Low Score"
"124","SWEET DELIGHT BAKERY","4476A MISSION",37.726117,-122.433817,67,"Low Score"
"125","SWEET DELIGHT BAKERY","4476A MISSION",37.726117,-122.433817,67,"Low Score"
"126","Catering With Style","2800 BRYANT St",37.749603,-122.408928,67,"Low Score"
"127","Catering With Style","2800 BRYANT St",37.749603,-122.408928,67,"Low Score"
"128","Catering With Style","2800 BRYANT St",37.749603,-122.408928,67,"Low Score"
"129","Catering With Style","2800 BRYANT St",37.749603,-122.408928,67,"Low Score"
"130","Catering With Style","2800 BRYANT St",37.749603,-122.408928,67,"Low Score"
"131","ALBORZ","1245 VAN NESS Ave",37.787375,-122.421844,67,"Low Score"
"132","ALBORZ","1245 VAN NESS Ave",37.787375,-122.421844,67,"Low Score"
"133","ALBORZ","1245 VAN NESS Ave",37.787375,-122.421844,67,"Low Score"
"134","ALBORZ","1245 VAN NESS Ave",37.787375,-122.421844,67,"Low Score"
"135","WE BE SUSHI","1071 VALENCIA St",37.755824,-122.420986,65,"Low Score"
"136","WE BE SUSHI","1071 VALENCIA St",37.755824,-122.420986,65,"Low Score"
"137","ALBORZ","1245 VAN NESS Ave",37.787375,-122.421844,67,"Low Score"
"138","Catering With Style","2800 BRYANT St",37.749603,-122.408928,67,"Low Score"
"139","ALBORZ","1245 VAN NESS Ave",37.787375,-122.421844,67,"Low Score"
"140","WE BE SUSHI","1071 VALENCIA St",37.755824,-122.420986,65,"Low Score"
"141","WE BE SUSHI","1071 VALENCIA St",37.755824,-122.420986,65,"Low Score"
"142","ALBORZ","1245 VAN NESS Ave",37.787375,-122.421844,67,"Low Score"
"143","WE BE SUSHI","1071 VALENCIA St",37.755824,-122.420986,65,"Low Score"
"144","WE BE SUSHI","1071 VALENCIA St",37.755824,-122.420986,65,"Low Score"
"145","WE BE SUSHI","1071 VALENCIA St",37.755824,-122.420986,65,"Low Score"
"146","Catering With Style","2800 BRYANT St",37.749603,-122.408928,67,"Low Score"
"147","WE BE SUSHI","1071 VALENCIA St",37.755824,-122.420986,65,"Low Score"
"148","Harvest Urban Market","191 08th St",37.776384,-122.411684,68,"Low Score"
"149","Harvest Urban Market","191 08th St",37.776384,-122.411684,68,"Low Score"
"150","Harvest Urban Market","191 08th St",37.776384,-122.411684,68,"Low Score"
"151","Harvest Urban Market","191 08th St",37.776384,-122.411684,68,"Low Score"
"152","Harvest Urban Market","191 08th St",37.776384,-122.411684,68,"Low Score"
"153","Harvest Urban Market","191 08th St",37.776384,-122.411684,68,"Low Score"
"154","Harvest Urban Market","191 08th St",37.776384,-122.411684,68,"Low Score"
"155","Harvest Urban Market","191 08th St",37.776384,-122.411684,68,"Low Score"
"156","Harvest Urban Market","191 08th St",37.776384,-122.411684,68,"Low Score"
"157","Taste of Formosa","2428 CLEMENT ST",37.782018,-122.485421,70,"Low Score"
"158","Taste of Formosa","2428 CLEMENT ST",37.782018,-122.485421,70,"Low Score"
"159","Taste of Formosa","2428 CLEMENT ST",37.782018,-122.485421,70,"Low Score"
"160","Taste of Formosa","2428 CLEMENT ST",37.782018,-122.485421,70,"Low Score"
"161","Taste of Formosa","2428 CLEMENT ST",37.782018,-122.485421,70,"Low Score"
"162","Taste of Formosa","2428 CLEMENT ST",37.782018,-122.485421,70,"Low Score"
"163","New Jumbo Seafood Restaurant","1532 NORIEGA St",37.754132,-122.480058,64,"Low Score"
"164","THE CITRUS CLUB","1790 HAIGHT St",37.769428,-122.451604,70,"Low Score"
"165","New Jumbo Seafood Restaurant","1532 NORIEGA St",37.754132,-122.480058,64,"Low Score"
"166","THE CITRUS CLUB","1790 HAIGHT St",37.769428,-122.451604,70,"Low Score"
"167","THE CITRUS CLUB","1790 HAIGHT St",37.769428,-122.451604,70,"Low Score"
"168","New Jumbo Seafood Restaurant","1532 NORIEGA St",37.754132,-122.480058,64,"Low Score"
"169","THE CITRUS CLUB","1790 HAIGHT St",37.769428,-122.451604,70,"Low Score"
"170","THE CITRUS CLUB","1790 HAIGHT St",37.769428,-122.451604,70,"Low Score"
"171","THE CITRUS CLUB","1790 HAIGHT St",37.769428,-122.451604,70,"Low Score"
"172","THE CITRUS CLUB","1790 HAIGHT St",37.769428,-122.451604,70,"Low Score"
"173","THE CITRUS CLUB","1790 HAIGHT St",37.769428,-122.451604,70,"Low Score"
"174","New Jumbo Seafood Restaurant","1532 NORIEGA St",37.754132,-122.480058,64,"Low Score"
"175","Original Buffalo Wings","2499 Lombard St",37.799095,-122.442457,69,"Low Score"
"176","New Jumbo Seafood Restaurant","1532 NORIEGA St",37.754132,-122.480058,64,"Low Score"
"177","New Jumbo Seafood Restaurant","1532 NORIEGA St",37.754132,-122.480058,64,"Low Score"
"178","Original Buffalo Wings","2499 Lombard St",37.799095,-122.442457,69,"Low Score"
"179","Original Buffalo Wings","2499 Lombard St",37.799095,-122.442457,69,"Low Score"
"180","New Jumbo Seafood Restaurant","1532 NORIEGA St",37.754132,-122.480058,64,"Low Score"
"181","Original Buffalo Wings","2499 Lombard St",37.799095,-122.442457,69,"Low Score"
"182","Original Buffalo Wings","2499 Lombard St",37.799095,-122.442457,69,"Low Score"
"183","New Jumbo Seafood Restaurant","1532 NORIEGA St",37.754132,-122.480058,64,"Low Score"
"184","Serve Well Market Inc","595 Ellis St",37.784411,-122.415954,70,"Low Score"
"185","New Jumbo Seafood Restaurant","1532 NORIEGA St",37.754132,-122.480058,64,"Low Score"
"186","New Jumbo Seafood Restaurant","1532 NORIEGA St",37.754132,-122.480058,64,"Low Score"
"187","Original Buffalo Wings","2499 Lombard St",37.799095,-122.442457,69,"Low Score"
"188","MINI CAFE","28 VAN NESS",37.775867,-122.419356,69,"Low Score"
"189","Original Buffalo Wings","2499 Lombard St",37.799095,-122.442457,69,"Low Score"
"190","MINI CAFE","28 VAN NESS",37.775867,-122.419356,69,"Low Score"
"191","MINI CAFE","28 VAN NESS",37.775867,-122.419356,69,"Low Score"
"192","Original Buffalo Wings","2499 Lombard St",37.799095,-122.442457,69,"Low Score"
"193","Original Buffalo Wings","2499 Lombard St",37.799095,-122.442457,69,"Low Score"
"194","Original Buffalo Wings","2499 Lombard St",37.799095,-122.442457,69,"Low Score"
"195","MINI CAFE","28 VAN NESS",37.775867,-122.419356,69,"Low Score"
"196","MINI CAFE","28 VAN NESS",37.775867,-122.419356,69,"Low Score"
"197","MINI CAFE","28 VAN NESS",37.775867,-122.419356,69,"Low Score"
"198","MINI CAFE","28 VAN NESS",37.775867,-122.419356,69,"Low Score"
"199","LA TRAVIATA","2854 MISSION St",37.751296,-122.418414,62,"Low Score"
"200","LA TRAVIATA","2854 MISSION St",37.751296,-122.418414,62,"Low Score"
"201","Viva Goa Indian Cuisine","2420 LOMBARD St",37.799188,-122.441423,60,"Low Score"
"202","GENEVA STEAK HOUSE","5130 MISSION St",37.716242,-122.441183,69,"Low Score"
"203","The Brick Yard","1787 Union St",37.797933,-122.428627,70,"Low Score"
"204","Las Isletas","4508 03rd St",37.737021,-122.390043,63,"Low Score"
"205","Osha Thai Restaurant & Lounge","311 03rd St",37.783662,-122.398704,67,"Low Score"
"206","LA TRAVIATA","2854 MISSION St",37.751296,-122.418414,62,"Low Score"
"207","The Brick Yard","1787 Union St",37.797933,-122.428627,70,"Low Score"
"208","PACIFIC SUPER MARKET","2900 ALEMANY Blvd",37.712148,-122.452076,67,"Low Score"
"209","The Brick Yard","1787 Union St",37.797933,-122.428627,70,"Low Score"
"210","Las Isletas","4508 03rd St",37.737021,-122.390043,63,"Low Score"
"211","Las Isletas","4508 03rd St",37.737021,-122.390043,63,"Low Score"
"212","LA TRAVIATA","2854 MISSION St",37.751296,-122.418414,62,"Low Score"
"213","San Tung Restaurant LLC","1031 Irving St",37.763891,-122.468805,57,"Low Score"
"214","The Brick Yard","1787 Union St",37.797933,-122.428627,70,"Low Score"
"215","San Tung Restaurant LLC","1031 Irving St",37.763891,-122.468805,57,"Low Score"
"216","PACIFIC SUPER MARKET","2900 ALEMANY Blvd",37.712148,-122.452076,67,"Low Score"
"217","San Tung Restaurant LLC","1031 Irving St",37.763891,-122.468805,57,"Low Score"
"218","GENEVA STEAK HOUSE","5130 MISSION St",37.716242,-122.441183,69,"Low Score"
"219","La Taqueria Guadalajara","3146 24th St",37.752512,-122.415109,70,"Low Score"
"220","LA TRAVIATA","2854 MISSION St",37.751296,-122.418414,62,"Low Score"
"221","CHINA EXPRESS","2798 MISSION St",37.752408,-122.418535,70,"Low Score"
"222","LA TRAVIATA","2854 MISSION St",37.751296,-122.418414,62,"Low Score"
"223","Viva Goa Indian Cuisine","2420 LOMBARD St",37.799188,-122.441423,60,"Low Score"
"224","CHINA EXPRESS","2798 MISSION St",37.752408,-122.418535,70,"Low Score"
"225","CHINA EXPRESS","2798 MISSION St",37.752408,-122.418535,70,"Low Score"
"226","Ashley's Cafe","4454 California St",37.784976,-122.465169,66,"Low Score"
"227","La Taqueria Guadalajara","3146 24th St",37.752512,-122.415109,70,"Low Score"
"228","Osha Thai Restaurant & Lounge","311 03rd St",37.783662,-122.398704,67,"Low Score"
"229","Ashley's Cafe","4454 California St",37.784976,-122.465169,66,"Low Score"
"230","The Brick Yard","1787 Union St",37.797933,-122.428627,70,"Low Score"
"231","San Tung Restaurant LLC","1031 Irving St",37.763891,-122.468805,57,"Low Score"
"232","La Taqueria Guadalajara","3146 24th St",37.752512,-122.415109,70,"Low Score"
"233","Viva Goa Indian Cuisine","2420 LOMBARD St",37.799188,-122.441423,60,"Low Score"
"234","Ashley's Cafe","4454 California St",37.784976,-122.465169,66,"Low Score"
"235","Las Isletas","4508 03rd St",37.737021,-122.390043,63,"Low Score"
"236","Las Isletas","4508 03rd St",37.737021,-122.390043,63,"Low Score"
"237","San Tung Restaurant LLC","1031 Irving St",37.763891,-122.468805,57,"Low Score"
"238","The Brick Yard","1787 Union St",37.797933,-122.428627,70,"Low Score"
"239","GENEVA STEAK HOUSE","5130 MISSION St",37.716242,-122.441183,69,"Low Score"
"240","GENEVA STEAK HOUSE","5130 MISSION St",37.716242,-122.441183,69,"Low Score"
"241","CHINA EXPRESS","2798 MISSION St",37.752408,-122.418535,70,"Low Score"
"242","Osha Thai Restaurant & Lounge","311 03rd St",37.783662,-122.398704,67,"Low Score"
"243","Ashley's Cafe","4454 California St",37.784976,-122.465169,66,"Low Score"
"244","PACIFIC SUPER MARKET","2900 ALEMANY Blvd",37.712148,-122.452076,67,"Low Score"
"245","CHINA EXPRESS","2798 MISSION St",37.752408,-122.418535,70,"Low Score"
"246","Las Isletas","4508 03rd St",37.737021,-122.390043,63,"Low Score"
"247","San Tung Restaurant LLC","1031 Irving St",37.763891,-122.468805,57,"Low Score"
"248","CHINA EXPRESS","2798 MISSION St",37.752408,-122.418535,70,"Low Score"
"249","La Taqueria Guadalajara","3146 24th St",37.752512,-122.415109,70,"Low Score"
"250","La Taqueria Guadalajara","3146 24th St",37.752512,-122.415109,70,"Low Score"
"251","The Brick Yard","1787 Union St",37.797933,-122.428627,70,"Low Score"
"252","GENEVA STEAK HOUSE","5130 MISSION St",37.716242,-122.441183,69,"Low Score"
"253","Osha Thai Restaurant & Lounge","311 03rd St",37.783662,-122.398704,67,"Low Score"
"254","La Taqueria Guadalajara","3146 24th St",37.752512,-122.415109,70,"Low Score"
"255","Osha Thai Restaurant & Lounge","311 03rd St",37.783662,-122.398704,67,"Low Score"
"256","The Brick Yard","1787 Union St",37.797933,-122.428627,70,"Low Score"
"257","LA TRAVIATA","2854 MISSION St",37.751296,-122.418414,62,"Low Score"
"258","Osha Thai Restaurant & Lounge","311 03rd St",37.783662,-122.398704,67,"Low Score"
"259","LA TRAVIATA","2854 MISSION St",37.751296,-122.418414,62,"Low Score"
"260","Viva Goa Indian Cuisine","2420 LOMBARD St",37.799188,-122.441423,60,"Low Score"
"261","Viva Goa Indian Cuisine","2420 LOMBARD St",37.799188,-122.441423,60,"Low Score"
"262","Ashley's Cafe","4454 California St",37.784976,-122.465169,66,"Low Score"
"263","Osha Thai Restaurant & Lounge","311 03rd St",37.783662,-122.398704,67,"Low Score"
"264","PACIFIC SUPER MARKET","2900 ALEMANY Blvd",37.712148,-122.452076,67,"Low Score"
"265","Ashley's Cafe","4454 California St",37.784976,-122.465169,66,"Low Score"
"266","Ashley's Cafe","4454 California St",37.784976,-122.465169,66,"Low Score"
"267","PACIFIC SUPER MARKET","2900 ALEMANY Blvd",37.712148,-122.452076,67,"Low Score"
"268","GENEVA STEAK HOUSE","5130 MISSION St",37.716242,-122.441183,69,"Low Score"
"269","San Tung Restaurant LLC","1031 Irving St",37.763891,-122.468805,57,"Low Score"
"270","Las Isletas","4508 03rd St",37.737021,-122.390043,63,"Low Score"
"271","PACIFIC SUPER MARKET","2900 ALEMANY Blvd",37.712148,-122.452076,67,"Low Score"
"272","Viva Goa Indian Cuisine","2420 LOMBARD St",37.799188,-122.441423,60,"Low Score"
"273","LA TRAVIATA","2854 MISSION St",37.751296,-122.418414,62,"Low Score"
"274","San Tung Restaurant LLC","1031 Irving St",37.763891,-122.468805,57,"Low Score"
"275","The Brick Yard","1787 Union St",37.797933,-122.428627,70,"Low Score"
"276","The Brick Yard","1787 Union St",37.797933,-122.428627,70,"Low Score"
"277","GENEVA STEAK HOUSE","5130 MISSION St",37.716242,-122.441183,69,"Low Score"
"278","La Taqueria Guadalajara","3146 24th St",37.752512,-122.415109,70,"Low Score"
"279","Viva Goa Indian Cuisine","2420 LOMBARD St",37.799188,-122.441423,60,"Low Score"
"280","San Tung Restaurant LLC","1031 Irving St",37.763891,-122.468805,57,"Low Score"
"281","The Brick Yard","1787 Union St",37.797933,-122.428627,70,"Low Score"
"282","San Tung Restaurant LLC","1031 Irving St",37.763891,-122.468805,57,"Low Score"
"283","LA TRAVIATA","2854 MISSION St",37.751296,-122.418414,62,"Low Score"
"284","GENEVA STEAK HOUSE","5130 MISSION St",37.716242,-122.441183,69,"Low Score"
"285","CHINA EXPRESS","2798 MISSION St",37.752408,-122.418535,70,"Low Score"
"286","Serve Well Market Inc","595 Ellis St",37.784411,-122.415954,70,"Low Score"
"287","Serve Well Market Inc","595 Ellis St",37.784411,-122.415954,70,"Low Score"
"288","Serve Well Market Inc","595 Ellis St",37.784411,-122.415954,70,"Low Score"
"289","Serve Well Market Inc","595 Ellis St",37.784411,-122.415954,70,"Low Score"
"290","Serve Well Market Inc","595 Ellis St",37.784411,-122.415954,70,"Low Score"
"291","Serve Well Market Inc","595 Ellis St",37.784411,-122.415954,70,"Low Score"
"292","Serve Well Market Inc","595 Ellis St",37.784411,-122.415954,70,"Low Score"
